{
"n": 10,
"time":4.40000000e-05,
"algorithm": "graham",
"path": [4, 5, 6, 8],
"points_x": [
1.70239895e-01,
8.49126228e-01,
6.67658616e-01,
7.85170881e-01,
6.65169420e-01,
6.81842416e-01,
7.03989383e-01,
3.07008784e-01,
1.11699637e-01,
4.42268127e-02
],
"points_y": [
2.21918556e-01,
2.64515023e-01,
3.38361940e-01,
3.66996591e-01,
5.02450279e-01,
7.25484217e-01,
9.49554962e-01,
8.96631707e-01,
3.35792537e-01,
3.20040797e-01
],
"triangles": [
[0, 1, 2],
[0, 2, 3],
[1, 2, 3],
[0, 3, 4],
[0, 4, 5],
[3, 4, 5],
[1, 3, 5],
[0, 5, 6],
[1, 5, 6],
[0, 6, 7],
[0, 7, 8],
[0, 8, 9],
[7, 8, 9]
],
"adjacency_list": [
[2, 1, -1],
[2, 3, 0],
[1, 6, 0],
[5, 4, 1],
[5, 7, 3],
[4, 6, 3],
[5, 8, 2],
[8, 9, 4],
[7, -1, 6],
[-1, 10, 7],
[12, 11, 9],
[12, -1, 10],
[11, -1, 10]
]}
