{
"n": 10,
"time":0.00000000e+00,
"algorithm": "graham",
"points_x": [
5.08602931e-01,
8.16111243e-01,
8.30527613e-01,
7.97330663e-01,
7.23665146e-01,
6.89639193e-01,
5.60450331e-01,
5.15598911e-01,
2.44162355e-01,
4.85313158e-02
],
"points_y": [
8.94680573e-02,
3.81657381e-01,
6.77589347e-01,
7.36452695e-01,
6.40109300e-01,
7.65914420e-01,
4.88714853e-01,
6.70898871e-01,
6.36703807e-01,
6.65824276e-01
],
"triangles": [
[0, 1, 2],
[0, 2, 3],
[0, 3, 4],
[0, 4, 5],
[3, 4, 5],
[0, 5, 6],
[0, 6, 7],
[5, 6, 7],
[0, 7, 8],
[5, 7, 8],
[0, 8, 9],
[5, 8, 9]
],
"adjacency_list": [
[-1, -1, -1]
]}
