{
"n": 10,
"time":1.23000000e-04,
"points_x": [
4.73316782e-01,
9.48079725e-01,
8.25591514e-01,
7.00577566e-01,
5.19826726e-01,
3.26804963e-01,
1.72769752e-01,
1.92506903e-01,
4.68016882e-02,
3.42423389e-01
],
"points_y": [
3.51535427e-02,
3.75934242e-01,
7.16580361e-01,
6.07156144e-01,
7.27788902e-01,
6.11006873e-01,
7.41220954e-01,
4.63517726e-01,
5.95973096e-01,
1.09904966e-01
],
"triangles": [
[0, 1, 2],
[0, 2, 3],
[0, 6, 7],
[0, 8, 9],
[2, 6, 4],
[6, 0, 5],
[6, 3, 4],
[3, 2, 4],
[0, 3, 5],
[3, 6, 5],
[6, 8, 7],
[8, 0, 7]
],
"adjacency_list": [
[-1, 1, -1],
[7, 8, 0],
[10, 11, 5],
[-1, -1, 11],
[6, 7, -1],
[8, 9, 2],
[7, 4, 9],
[4, 6, 1],
[9, 5, 1],
[5, 8, 6],
[11, 2, -1],
[2, 10, 3]
]}
